{"t": 200, "beings": {"0": {"state": {"joy": 0.6540362888980227, "grief": 0.4753571532049581, "love": 1.0, "fear": 0.2993292420985183, "trust": 0.07800932022121826, "anger": 0.07799726016810132, "hope": 0.02904180608409973, "peace": 0.4330880728874676}, "energy": 0.6005575058716042, "age": 200, "relationships": {"17": 0.35, "4": 0.25, "1": 0.35, "5": 0.3, "2": 0.35, "7": 0.15000000000000002, "19": 0.35, "13": 0.49999999999999994, "6": 0.15000000000000002, "12": 0.15000000000000002, "15": 0.15000000000000002, "11": 0.25, "9": 0.35, "10": 0.15000000000000002, "14": 0.25, "8": 0.3, "16": 0.25, "18": 0.25, "3": 0.15000000000000002}}, "1": {"state": {"joy": 0.44561457009902095, "grief": 0.48495492608099716, "love": 1.0, "fear": 0.10616955533913808, "trust": 0.09091248360355031, "anger": 0.09170225492671691, "hope": 0.15212112147976886, "peace": 0.2623782158161189}, "energy": 0.5159725093210576, "age": 200, "relationships": {}}, "2": {"state": {"joy": 0.32322520635999885, "grief": 0.06974693032602092, "love": 1.0, "fear": 0.18318092164684585, "trust": 0.22803499210851796, "anger": 0.3925879806965068, "hope": 0.09983689107917987, "peace": 0.2571172192068058}, "energy": 0.5962072844310211, "age": 200, "relationships": {}}, "3": {"state": {"joy": 0.5200762468698006, "grief": 0.08526206184364576, "love": 1.0, "fear": 0.4744427686266666, "trust": 0.4828160165372797, "anger": 0.40419867405823057, "hope": 0.15230688458668534, "peace": 0.048836057003191935}, "energy": 0.6421165132560782, "age": 200, "relationships": {"8": 0.49999999999999994, "7": 0.2, "14": 0.2, "11": 0.3, "1": 0.39999999999999997, "4": 0.3, "15": 0.35, "0": 0.35, "17": 0.2, "5": 0.2, "6": 0.25, "18": 0.15000000000000002, "12": 0.35, "9": 0.25, "16": 0.3, "10": 0.25, "2": 0.3, "13": 0.15000000000000002}}, "4": {"state": {"joy": 0.3924272277627635, "grief": 0.2475884550556351, "love": 0.7521942605576097, "fear": 0.45466020103939103, "trust": 0.12938999080000846, "anger": 0.331261142176991, "hope": 0.15585553804470548, "peace": 0.2600340105889054}, "energy": 0.5733551396716396, "age": 200, "relationships": {}}, "5": {"state": {"joy": 0.46266516538163216, "grief": 0.3875664116805573, "love": 1.0, "fear": 0.4474136752138244, "trust": 0.29894998940554257, "anger": 0.4609371175115584, "hope": 0.04424625102595975, "peace": 0.0979914312095726}, "energy": 0.32261364445526886, "age": 200, "relationships": {}}, "6": {"state": {"joy": 0.7934434683002587, "grief": 0.13567451588694796, "love": 1.0, "fear": 0.17837666334679464, "trust": 0.14046725484369038, "anger": 0.27134804157912423, "hope": 0.07046211248738132, "peace": 0.40109849037701983}, "energy": 0.3372753218398852, "age": 200, "relationships": {"10": 0.35, "18": 0.25, "16": 0.3, "14": 0.2, "1": 0.2, "7": 0.49999999999999994, "2": 0.3, "11": 0.35, "3": 0.3, "0": 0.2, "15": 0.6, "9": 0.25, "19": 0.2, "5": 0.25, "17": 0.3, "13": 0.1, "4": 0.15000000000000002, "8": 0.1, "12": 0.1}}, "7": {"state": {"joy": 0.35793452976256485, "grief": 0.0993578407670862, "love": 0.8727610585618019, "fear": 0.4077307142274171, "trust": 0.35342867192380856, "anger": 0.36450358402049365, "hope": 0.38563517334297287, "peace": 0.03702232586704518}, "energy": 0.4792328642721362, "age": 200, "relationships": {}}, "8": {"state": {"joy": 0.5361074625809746, "grief": 0.31164906341377896, "love": 1.0, "fear": 0.03177917514301182, "trust": 0.1554911608578311, "anger": 0.16259166101337352, "hope": 0.36480308916903204, "peace": 0.31877873567760656}, "energy": 0.7436063712881631, "age": 200, "relationships": {"17": 0.35, "1": 0.2, "15": 0.3, "10": 0.25, "6": 0.35, "14": 0.05, "11": 0.39999999999999997, "16": 0.44999999999999996, "7": 0.25, "9": 0.25, "0": 0.49999999999999994, "13": 0.25, "18": 0.2, "2": 0.2, "5": 0.2, "19": 0.1, "3": 0.25, "12": 0.25, "4": 0.2}}, "9": {"state": {"joy": 0.3539457134966522, "grief": 0.3566223936114975, "love": 1.0, "fear": 0.2806385987847481, "trust": 0.3854835899772805, "anger": 0.24689779818219537, "hope": 0.26136641469099703, "peace": 0.21377050917927481}, "energy": 0.31270956337204736, "age": 200, "relationships": {}}, "10": {"state": {"joy": 0.3384899549143965, "grief": 0.3182052056318902, "love": 0.8471779905381639, "fear": 0.2542853455823514, "trust": 0.4537832369630465, "anger": 0.12464611457443747, "hope": 0.20519146151781487, "peace": 0.37777556927152434}, "energy": 0.41439908274581105, "age": 200, "relationships": {}}, "11": {"state": {"joy": 0.5696711209578253, "grief": 0.08061064362700221, "love": 1.0, "fear": 0.4040601897822085, "trust": 0.31670187825521173, "anger": 0.43573029509385885, "hope": 0.40183603844955723, "peace": 0.09328502944301792}, "energy": 0.7462794992449887, "age": 200, "relationships": {"16": 0.25, "10": 0.25, "3": 0.15000000000000002, "9": 0.39999999999999997, "12": 0.2, "4": 0.3, "8": 0.25, "14": 0.25, "19": 0.3, "6": 0.44999999999999996, "2": 0.3, "7": 0.2, "17": 0.15000000000000002, "5": 0.44999999999999996, "13": 0.3, "15": 0.3, "18": 0.15000000000000002, "0": 0.15000000000000002, "1": 0.2}}, "12": {"state": {"joy": 0.5553736512887828, "grief": 0.4480456499617466, "love": 1.0, "fear": 0.05502596226383838, "trust": 0.11396758127097084, "anger": 0.21355389431312816, "hope": 0.40900738296124656, "peace": 0.4303652916281717}, "energy": 0.30347606526559523, "age": 200, "relationships": {"10": 0.3, "18": 0.35, "0": 0.25, "14": 0.2, "9": 0.39999999999999997, "13": 0.3, "8": 0.25, "5": 0.25, "15": 0.6, "16": 0.1, "3": 0.35, "2": 0.39999999999999997, "7": 0.25, "4": 0.3, "19": 0.15000000000000002, "11": 0.1, "6": 0.2, "17": 0.1, "1": 0.15000000000000002}}, "13": {"state": {"joy": 0.7858910413604803, "grief": 0.11105390523536512, "love": 1.0, "fear": 0.16880758570181398, "trust": 0.4714548519562596, "anger": 0.16160146601037761, "hope": 0.25939531087168305, "peace": 0.3515094794475889}, "energy": 0.4818148011896468, "age": 200, "relationships": {"3": 0.35, "16": 0.49999999999999994, "0": 0.25, "17": 0.2, "4": 0.25, "10": 0.25, "6": 0.2, "19": 0.25, "15": 0.2, "8": 0.35, "11": 0.25, "1": 0.5499999999999999, "18": 0.2, "9": 0.25, "5": 0.15000000000000002, "7": 0.39999999999999997, "12": 0.2, "2": 0.2}}, "14": {"state": {"joy": 0.4393232321183057, "grief": 0.12589114791268208, "love": 0.8486242529461933, "fear": 0.15043915490838483, "trust": 0.1424202471887338, "anger": 0.018443473677266398, "hope": 0.3047821669899484, "peace": 0.25133951161443074}, "energy": 0.32573937562499444, "age": 200, "relationships": {}}, "15": {"state": {"joy": 0.6641081743059298, "grief": 0.11978094533348621, "love": 1.0, "fear": 0.2447263801387815, "trust": 0.49282522705530035, "anger": 0.1210276357557502, "hope": 0.3360677737029393, "peace": 0.3808098076643588}, "energy": 0.41881877199619966, "age": 200, "relationships": {"19": 0.2, "4": 0.3, "13": 0.35, "7": 0.5499999999999999, "12": 0.3, "2": 0.35, "17": 0.2, "5": 0.15000000000000002, "0": 0.2, "3": 0.2, "11": 0.25, "16": 0.15000000000000002, "6": 0.39999999999999997, "10": 0.2, "18": 0.25, "14": 0.25, "9": 0.2, "8": 0.3, "1": 0.2}}, "16": {"state": {"joy": 0.5954464715941209, "grief": 0.31615291529678974, "love": 1.0, "fear": 0.26788734203737924, "trust": 0.04514488502720415, "anger": 0.417651247794619, "hope": 0.16039003248586792, "peace": 0.09325925519992712}, "energy": 0.3203875707773818, "age": 200, "relationships": {"14": 0.35, "2": 0.25, "11": 0.25, "3": 0.25, "19": 0.3, "13": 0.39999999999999997, "8": 0.2, "7": 0.25, "6": 0.1, "5": 0.3, "0": 0.3, "15": 0.1, "18": 0.35, "1": 0.35, "17": 0.35, "4": 0.15000000000000002, "9": 0.39999999999999997, "10": 0.25, "12": 0.1}}, "17": {"state": {"joy": 0.3687604720729966, "grief": 0.008293914463928076, "love": 0.9760465291496411, "fear": 0.11324788759896898, "trust": 0.32258639520472493, "anger": 0.08718321450249572, "hope": 0.345468869051233, "peace": 0.1933676731502687}, "energy": 0.768364994368367, "age": 200, "relationships": {}}, "18": {"state": {"joy": 0.42092614545022583, "grief": 0.056736760620294535, "love": 1.0, "fear": 0.4386696766904905,