{"t": 400, "civs": {"0": {"name": "Vedic", "complexity": 0.04381604753894486, "knowledge": 0.968, "corruption": 0.4000000000000003, "external_pressure": 0.3000000000000002, "phase": "fallen", "age": 400}, "1": {"name": "Hebrew", "complexity": 0.04279757672456186, "knowledge": 0.6795975452591113, "corruption": 0.4000000000000003, "external_pressure": 0.3000000000000002, "phase": "fallen", "age": 400}, "2": {"name": "Greek", "complexity": 0.0404074561769746, "knowledge": 0.9267983561008615, "corruption": 0.4000000000000003, "external_pressure": 0.3000000000000002, "phase": "fallen", "age": 400}, "3": {"name": "Chinese", "complexity": 0.04323344486727976, "knowledge": 1.0, "corruption": 0.4000000000000003, "external_pressure": 0.3000000000000002, "phase": "fallen", "age": 400}, "4": {"name": "Egyptian", "complexity": 0.044446004697283326, "knowledge": 0.802421773338814, "corruption": 0.4000000000000003, "external_pressure": 0.3000000000000002, "phase": "fallen", "age": 400}, "5": {"name": "Mesopotamian", "complexity": 0.04023379771832102, "knowledge": 1.0, "corruption": 0.4000000000000003, "external_pressure": 0.3000000000000002, "phase": "fallen", "age": 400}, "6": {"name": "Roman", "complexity": 0.04097705632016845, "knowledge": 0.4937017332034831, "corruption": 0.4000000000000003, "external_pressure": 0.3000000000000002, "phase": "fallen", "age": 400}, "7": {"name": "Persian", "complexity": 0.044729986882840245, "knowledge": 0.9250213529560308, "corruption": 0.4000000000000003, "external_pressure": 0.3000000000000002, "phase": "fallen", "age": 400}, "8": {"name": "Post-Roman", "complexity": 0.7500000000000006, "knowledge": 1.0, "corruption": 0.2840000000000002, "external_pressure": 0.21300000000000013, "phase": "peak", "age": 176}, "9": {"name": "Post-Hebrew", "complexity": 0.7500000000000006, "knowledge": 1.0, "corruption": 0.25600000000000017, "external_pressure": 0.19200000000000012, "phase": "peak", "age": 169}, "10": {"name": "Post-Egyptian", "complexity": 0.7500000000000006, "knowledge": 1.0, "corruption": 0.22000000000000017, "external_pressure": 0.1650000000000001, "phase": "peak", "age": 160}, "11": {"name": "Post-Vedic", "complexity": 0.7500000000000006, "knowledge": 1.0, "corruption": 0.16000000000000011, "external_pressure": 0.12000000000000006, "phase": "peak", "age": 145}, "12": {"name": "Post-Persian", "complexity": 0.7500000000000006, "knowledge": 1.0, "corruption": 0.10800000000000007, "external_pressure": 0.08100000000000003, "phase": "peak", "age": 132}, "13": {"name": "Post-Greek", "complexity": 0.7500000000000006, "knowledge": 1.0, "corruption": 0.10400000000000006, "external_pressure": 0.07800000000000003, "phase": "peak", "age": 131}, "14": {"name": "Post-Chinese", "complexity": 0.7500000000000006, "knowledge": 1.0, "corruption": 0.07600000000000004, "external_pressure": 0.057000000000000016, "phase": "peak", "age": 124}, "15": {"name": "Post-Mesopotamian", "complexity": 0.7500000000000006, "knowledge": 1.0, "corruption": 0.06800000000000003, "external_pressure": 0.05100000000000001, "phase": "peak", "age": 122}}, "events": ["t=53 Roman reaches peak complexity", "t=60 Hebrew reaches peak complexity", "t=69 Egyptian reaches peak complexity", "t=84 Vedic reaches peak complexity", "t=97 Persian reaches peak complexity", "t=98 Greek reaches peak complexity", "t=105 Chinese reaches peak complexity", "t=107 Mesopotamian reaches peak complexity", "t=153 Roman begins decline corruption=0.40", "t=160 Hebrew begins decline corruption=0.40", "t=169 Egyptian begins decline corruption=0.40", "t=184 Vedic begins decline corruption=0.40", "t=197 Persian begins decline corruption=0.40", "t=198 Greek begins decline corruption=0.40", "t=205 Chinese begins decline", "t=207 Mesopotamian begins decline", "t=224 Roman falls knowledge preserved", "t=224 Post-Roman rises", "t=231 Hebrew falls knowledge preserved", "t=231 Post-Hebrew rises", "t=240 Egyptian falls knowledge preserved", "t=240 Post-Egyptian rises", "t=255 Vedic falls knowledge preserved", "t=255 Post-Vedic rises", "t=268 Persian falls knowledge preserved", "t=268 Post-Persian rises", "t=269 Greek falls knowledge preserved", "t=269 Post-Greek rises", "t=276 Chinese falls knowledge preserved", "t=276 Post-Chinese rises", "t=278 Mesopotamian falls knowledge preserved", "t=278 Post-Mesopotamian rises", "t=329 Post-Roman reaches peak", "t=336 Post-Hebrew reaches peak", "t=345 Post-Egyptian reaches peak", "t=360 Post-Vedic reaches peak", "t=373 Post-Persian reaches peak", "t=374 Post-Greek reaches peak", "t=381 Post-Chinese reaches peak", "t=383 Post-Mesopotamian reaches peak"], "knowledge_pool": 2.719484182062915, "knowledge_gained": [{"t": 200, "text": "civilizations rise and fall at t 200 . knowledge pool 1.138 grows as civilizations fall . rising [] . fallen [] . t=169 Egyptian begins decline corruption=0.40 . t=184 Vedic begins decline corruption=0.40 . t=197 Persian begins decline corruption=0.40 . t=198 Greek begins decline corruption=0.40", "date": "2026-05-14T14:12:44.402529"}, {"t": 400, "text": "pool 2.719", "date": "2026-05-14T14:20:46.290348"}], "last_run": "2026-05-14T14:20:46.290351"}